product_id,product_name,description,category,sub_category,brand,unit_price,cost_price,stock_quantity,status,created_at,updated_at
PRDU6PQPTZDNXLQ,Microwave,Microwave quality item,Groceries,Kitchen,LG,43265,36066,285,Active,2024-01-11 22:44:25,2025-05-05 11:55:22
PRDSDOGLC6C0B01,Headphones,Headphones quality item,Electronics,Audio,Boat,46478,1020,54,Active,2025-04-22 12:06:15,2025-10-24 14:40:34
PRD4OF67FFPHI83,Microwave,Microwave quality item,Electronics,Kitchen,LG,12736,8131,185,Active,2024-10-02 13:50:04,2024-09-06 10:42:14
PRDZU0JIGLNLQFU,Shoes,Shoes quality item,Groceries,Footwear,Nike,23731,19797,119,Active,2025-11-17 07:55:27,2024-01-09 01:02:16
PRD4Z353E77GD2A,Smartphone,Smartphone quality item,Electronics,Mobiles,Samsung,13156,31892,264,Active,2025-06-28 12:00:47,2024-06-03 08:42:07
PRD1GUC8F54D9WU,Laptop,Laptop quality item,Fashion,Computers,Dell,28808,4522,111,Active,2024-02-24 06:58:22,2025-12-09 19:19:29
PRDJ3KZZXV73YZV,Saree,Saree quality item,Kitchen,Clothing,FabIndia,1225,20583,82,Active,2024-11-19 19:58:15,2024-11-07 10:40:51
PRDM8UBB8NJ8WHD,Laptop,Laptop quality item,Electronics,Computers,Dell,2342,12303,48,Active,2024-09-26 08:02:31,2024-05-06 07:32:40
PRD2Z27DFAK9JEQ,TShirt,TShirt quality item,Fashion,Clothing,Zara,12069,19589,72,Active,2024-11-14 03:37:07,2024-05-12 11:37:58
PRD7MJJFRSF5EHP,Saree,Saree quality item,Groceries,Clothing,FabIndia,25682,7369,122,Active,2025-04-15 18:35:00,2024-03-31 16:10:11
PRD2HQMIAP4FTA2,RiceBag,RiceBag quality item,Kitchen,Food,Aashirvaad,7302,37697,99,Active,2024-11-06 04:17:08,2024-01-03 02:27:34
PRD7TN1ONLF6MIW,Mixer,Mixer quality item,Fashion,Kitchen,Prestige,4879,23127,296,Active,2024-04-07 23:19:30,2024-09-20 18:17:35
PRDQ4YWQHLNY2ZL,Microwave,Microwave quality item,Electronics,Kitchen,LG,8013,25280,6,Active,2025-03-20 11:42:18,2024-09-18 04:46:45
PRD7THLQRKW3BTH,Smartphone,Smartphone quality item,Electronics,Mobiles,Samsung,39785,24775,109,Active,2025-02-23 03:45:49,2024-02-05 07:11:43
PRDDT3ONQSU65A0,Coffee,Coffee quality item,Groceries,Beverages,Nescafe,39570,3534,178,Active,2024-02-28 00:18:55,2024-03-26 11:20:42
PRDAIS4J3F2N4DL,Coffee,Coffee quality item,Electronics,Beverages,Nescafe,14143,12896,224,Active,2024-11-08 06:14:59,2025-05-25 07:34:28
PRDVV8DDJRBUVP5,Smartphone,Smartphone quality item,Groceries,Mobiles,Samsung,30344,18859,47,Active,2025-03-11 13:12:24,2025-03-15 06:15:44
PRDFUY1JQ9BWNT1,Shoes,Shoes quality item,Kitchen,Footwear,Nike,32196,9518,139,Active,2025-09-27 13:47:57,2025-04-11 19:46:36
PRDA26K9PS96N49,Mixer,Mixer quality item,Electronics,Kitchen,Prestige,34872,15046,189,Active,2024-10-08 18:04:22,2025-02-09 20:07:38
PRD7HGKEG26RPXB,TShirt,TShirt quality item,Electronics,Clothing,Zara,16266,28409,230,Active,2025-06-08 20:24:01,2024-03-19 17:18:09
PRD9BIJFO1ULTQO,TShirt,TShirt quality item,Kitchen,Clothing,Zara,18272,16118,85,Active,2024-02-16 21:24:41,2024-01-01 07:03:35
PRD0Z75CBINYC6M,Microwave,Microwave quality item,Fashion,Kitchen,LG,17312,31292,83,Active,2025-07-24 21:42:54,2025-05-07 07:19:20
PRDU4MRHE7C2L06,TShirt,TShirt quality item,Kitchen,Clothing,Zara,14185,32980,236,Active,2025-10-13 07:19:52,2024-07-16 18:43:35
PRDAQRFURC42Q7D,Headphones,Headphones quality item,Electronics,Audio,Boat,10874,34685,198,Active,2025-10-18 14:21:09,2025-10-05 00:43:25
PRD4RKB9L5TTE9R,Mixer,Mixer quality item,Electronics,Kitchen,Prestige,2237,36466,201,Active,2024-11-27 20:53:11,2025-02-22 17:29:51
PRDDPM8V6HVSE6P,RiceBag,RiceBag quality item,Groceries,Food,Aashirvaad,7862,23394,116,Active,2025-07-20 02:31:17,2025-03-05 02:00:29
PRD0T6IO86R5G11,Mixer,Mixer quality item,Fashion,Kitchen,Prestige,36089,20373,10,Active,2025-05-31 08:52:40,2025-06-07 10:59:03
PRD5YMLDUXUB90W,Laptop,Laptop quality item,Fashion,Computers,Dell,10454,39414,222,Active,2024-12-23 00:36:25,2024-09-07 15:26:16
PRD3ZZVN1CGG8AI,Saree,Saree quality item,Fashion,Clothing,FabIndia,28591,37249,180,Active,2025-04-16 23:02:34,2024-02-02 21:14:52
PRD9MQCYKB3NGUU,Laptop,Laptop quality item,Electronics,Computers,Dell,44442,1848,26,Active,2025-09-15 18:26:30,2024-05-19 15:48:58
PRDPM3UTPG2KQ6S,Coffee,Coffee quality item,Electronics,Beverages,Nescafe,22102,26063,71,Active,2025-06-23 03:26:10,2025-02-02 21:13:33
PRDWBU1YGKJHKF7,Mixer,Mixer quality item,Electronics,Kitchen,Prestige,40240,28081,173,Active,2024-07-31 04:12:00,2025-11-16 13:12:27
PRD2K5AH5HN3AAX,Headphones,Headphones quality item,Electronics,Audio,Boat,16716,9288,300,Active,2025-05-13 09:52:32,2024-04-17 05:30:52
PRDA6KBFQM3KGA5,Smartphone,Smartphone quality item,Groceries,Mobiles,Samsung,25054,5786,57,Active,2024-10-19 10:36:43,2025-12-16 04:18:01
PRDSE7T8SWAWD03,Smartphone,Smartphone quality item,Kitchen,Mobiles,Samsung,36525,15354,131,Active,2024-11-15 10:38:31,2025-08-22 23:03:14
PRDYP1LG8RKYY8P,Mixer,Mixer quality item,Groceries,Kitchen,Prestige,35921,37037,113,Active,2025-03-13 14:14:07,2024-07-04 09:40:13
PRDNMIYJXV4V75F,Shoes,Shoes quality item,Groceries,Footwear,Nike,48744,33878,144,Active,2025-03-26 05:34:10,2024-06-17 07:02:25
PRDEG8TXTGD4XF5,Headphones,Headphones quality item,Electronics,Audio,Boat,17183,27265,162,Active,2025-01-24 08:50:59,2024-04-08 05:03:53
PRD1Q7V0XKYJ7BX,TShirt,TShirt quality item,Electronics,Clothing,Zara,28030,23055,29,Active,2024-12-22 03:31:33,2025-06-22 23:29:46
PRD93P7LEOAAM4X,TShirt,TShirt quality item,Kitchen,Clothing,Zara,13708,7314,9,Active,2025-06-25 05:59:48,2025-08-25 01:20:22
PRDGYPUF83WTQKH,Mixer,Mixer quality item,Fashion,Kitchen,Prestige,40356,22574,150,Active,2025-12-23 11:20:06,2024-05-17 18:14:01
PRD7WGW6G560LEV,Headphones,Headphones quality item,Kitchen,Audio,Boat,2218,16054,155,Active,2024-08-08 06:34:02,2024-11-19 22:06:57
PRDTOVQ7PI8W0H7,Mixer,Mixer quality item,Kitchen,Kitchen,Prestige,14389,11309,23,Active,2025-05-18 22:32:47,2025-04-27 10:15:44
PRDGC2J7KBVB1WT,Shoes,Shoes quality item,Groceries,Footwear,Nike,9499,23407,172,Active,2024-12-19 01:14:07,2025-01-04 00:58:14
PRDKNPQRWRORE3B,Laptop,Laptop quality item,Kitchen,Computers,Dell,21875,19834,182,Active,2024-12-30 06:55:11,2024-02-11 23:13:19
PRDM9VY9WBUY4UI,Headphones,Headphones quality item,Groceries,Audio,Boat,34005,3586,87,Active,2024-05-14 17:51:58,2024-03-25 12:23:43
PRD181U3EPF4DJF,Saree,Saree quality item,Groceries,Clothing,FabIndia,26296,23548,213,Active,2025-12-12 12:11:27,2025-09-02 10:14:49
PRDUEM6BGUVI57B,Smartphone,Smartphone quality item,Kitchen,Mobiles,Samsung,7568,17726,7,Active,2025-09-27 04:57:14,2024-01-13 12:08:36
PRDZ5O3493E28ZU,TShirt,TShirt quality item,Electronics,Clothing,Zara,2016,12053,215,Active,2025-03-25 15:31:41,2024-11-14 19:13:15
PRDB3WC2CXPJ2KC,RiceBag,RiceBag quality item,Kitchen,Food,Aashirvaad,30194,13792,51,Active,2024-04-19 22:20:24,2024-12-30 09:49:27
PRDCIS3YTRV29WA,Headphones,Headphones quality item,Fashion,Audio,Boat,8438,38005,182,Active,2024-06-24 21:03:27,2024-02-18 14:37:48
PRD03DGPHNYLAZM,Laptop,Laptop quality item,Kitchen,Computers,Dell,30976,3925,76,Active,2025-09-24 01:53:12,2025-02-21 20:29:15
PRD4ZPS43NROD1V,Microwave,Microwave quality item,Groceries,Kitchen,LG,31211,39564,47,Active,2024-04-28 06:07:02,2025-05-14 20:59:15
PRDG7DWI8E75X6Z,TShirt,TShirt quality item,Electronics,Clothing,Zara,4633,14738,243,Active,2024-07-22 03:23:42,2024-08-16 12:09:43
PRDLB659O23DSVB,Laptop,Laptop quality item,Kitchen,Computers,Dell,5518,32261,122,Active,2024-04-19 22:05:53,2024-12-04 16:48:29
PRD9SQI6G8S9TMX,Shoes,Shoes quality item,Fashion,Footwear,Nike,41583,11962,128,Active,2025-10-30 02:56:55,2024-07-13 17:56:29
PRD7KENH1LGWS9J,Shoes,Shoes quality item,Kitchen,Footwear,Nike,4526,21265,136,Active,2024-01-29 13:17:51,2025-01-01 04:03:13
PRD90VHXPLJ3NEC,TShirt,TShirt quality item,Kitchen,Clothing,Zara,21398,38980,266,Active,2024-05-09 02:53:22,2025-05-04 20:33:35
PRDGZSZT0LQNZ36,Laptop,Laptop quality item,Fashion,Computers,Dell,7560,27705,248,Active,2024-08-27 04:13:45,2024-05-18 06:18:09
PRDW0OA2VVMT5K5,Headphones,Headphones quality item,Kitchen,Audio,Boat,2921,5483,234,Active,2024-02-17 15:49:01,2024-01-26 04:11:17
PRDI9AMQO1K9QXR,Headphones,Headphones quality item,Fashion,Audio,Boat,23091,35903,88,Active,2025-06-18 12:01:03,2024-12-10 19:16:18
PRDQMC8W0DG3WRV,Headphones,Headphones quality item,Kitchen,Audio,Boat,7936,33358,188,Active,2025-01-17 23:46:24,2024-05-22 17:04:00
PRD1J247BBYBXZH,RiceBag,RiceBag quality item,Electronics,Food,Aashirvaad,23549,21151,146,Active,2025-03-04 11:59:50,2025-09-02 22:02:26
PRDTAGDI0NOVA58,Mixer,Mixer quality item,Electronics,Kitchen,Prestige,11521,39375,266,Active,2025-05-22 22:32:04,2025-09-05 14:43:39
PRDC6HBDT4XPKT5,RiceBag,RiceBag quality item,Groceries,Food,Aashirvaad,45741,36194,168,Active,2024-05-12 13:24:05,2025-05-06 09:32:09
PRD67YYS1B58MUK,Shoes,Shoes quality item,Kitchen,Footwear,Nike,766,15500,138,Active,2025-04-09 16:55:39,2025-08-15 05:18:54
PRDYYMKH6XP6V7T,Mixer,Mixer quality item,Fashion,Kitchen,Prestige,42777,19604,44,Active,2024-04-21 12:02:37,2025-05-24 17:56:13
PRDKF9Q0B4RGR5O,Saree,Saree quality item,Fashion,Clothing,FabIndia,30848,20721,294,Active,2025-09-16 19:48:42,2025-10-02 01:49:36
PRDB4XRTKX7E7A5,Headphones,Headphones quality item,Electronics,Audio,Boat,36739,13253,172,Active,2024-05-04 06:43:36,2024-08-01 11:31:45
PRDDMDL8J69D2D9,RiceBag,RiceBag quality item,Groceries,Food,Aashirvaad,43600,5442,290,Active,2025-11-19 15:15:35,2024-12-09 18:50:43
PRD7RSQLIA1TEU6,Saree,Saree quality item,Kitchen,Clothing,FabIndia,30592,15509,282,Active,2025-12-29 19:39:07,2025-08-17 18:07:30
PRDUS6L7SCQFVG2,TShirt,TShirt quality item,Fashion,Clothing,Zara,41489,28209,254,Active,2024-01-26 14:22:34,2025-04-19 08:52:39
PRDNKQX54CIC83S,Mixer,Mixer quality item,Groceries,Kitchen,Prestige,17187,7400,289,Active,2025-02-23 10:27:42,2025-03-15 09:09:46
PRDBVQ5BPEKJHC8,TShirt,TShirt quality item,Kitchen,Clothing,Zara,43034,37906,118,Active,2025-03-25 16:00:57,2024-10-23 11:58:11
PRD5CZ65PYA5X5C,Coffee,Coffee quality item,Electronics,Beverages,Nescafe,36282,11534,121,Active,2025-07-22 13:36:44,2025-05-22 04:28:39
PRD149MF6CND4IE,Microwave,Microwave quality item,Groceries,Kitchen,LG,21340,9744,172,Active,2024-10-18 02:04:08,2025-09-12 19:56:05
PRDMBSAS0E4GM0N,TShirt,TShirt quality item,Electronics,Clothing,Zara,7156,3484,92,Active,2024-11-09 19:28:31,2025-05-01 19:58:05
PRDTIO6K3GTT4YN,Laptop,Laptop quality item,Electronics,Computers,Dell,49932,35873,24,Active,2025-02-24 15:45:48,2025-01-09 11:41:45
PRDVKGD9LWOKYIZ,Mixer,Mixer quality item,Fashion,Kitchen,Prestige,18566,16656,161,Active,2025-09-14 09:29:08,2025-08-07 03:27:07
PRDSXNU8FQP2JZT,Smartphone,Smartphone quality item,Groceries,Mobiles,Samsung,8137,18373,41,Active,2025-10-21 17:27:41,2025-01-26 15:27:30
PRDUIVJASVVD9ZR,Microwave,Microwave quality item,Electronics,Kitchen,LG,6117,21617,158,Active,2025-06-15 00:09:53,2024-10-18 03:56:24
PRD7RB9W6T16VNJ,RiceBag,RiceBag quality item,Groceries,Food,Aashirvaad,42658,35745,218,Active,2025-01-30 05:06:02,2025-04-17 14:29:07
PRD7RWXXXYKMCSY,Mixer,Mixer quality item,Kitchen,Kitchen,Prestige,11112,14337,191,Active,2024-02-17 09:37:22,2024-09-08 09:16:29
PRDT7M1FVAH5SBM,RiceBag,RiceBag quality item,Fashion,Food,Aashirvaad,12556,26744,251,Active,2025-08-30 21:54:21,2024-05-20 15:25:23
PRDT7X6ZSLG0C2N,RiceBag,RiceBag quality item,Kitchen,Food,Aashirvaad,16113,12552,233,Active,2025-04-01 15:32:52,2025-12-17 16:46:13
PRDJKCJUFFVIUR9,Mixer,Mixer quality item,Fashion,Kitchen,Prestige,9952,5678,127,Active,2024-03-04 02:56:57,2025-11-24 01:09:22
PRDRPYBAAA8GJH0,Headphones,Headphones quality item,Kitchen,Audio,Boat,8224,32379,83,Active,2024-01-10 18:16:54,2024-02-25 09:43:36
PRDHN1PN3SG28FB,Headphones,Headphones quality item,Electronics,Audio,Boat,42212,37767,254,Active,2025-04-22 03:21:06,2024-01-25 17:30:35
PRD4GPOTKC0B45P,Coffee,Coffee quality item,Groceries,Beverages,Nescafe,22514,27522,137,Active,2025-02-26 09:15:41,2024-02-01 09:54:51
PRD0880AUF55OCH,Shoes,Shoes quality item,Fashion,Footwear,Nike,45051,7984,170,Active,2025-04-17 05:51:18,2025-04-08 18:52:00
PRDY30G05QFQXT5,Microwave,Microwave quality item,Kitchen,Kitchen,LG,5273,30338,12,Active,2025-06-09 14:11:22,2025-12-16 14:43:44
PRDEIMF6F5LE1NX,Smartphone,Smartphone quality item,Kitchen,Mobiles,Samsung,12331,3566,125,Active,2024-11-27 07:21:46,2024-12-09 05:50:46
PRDW2I92SPIZK7F,RiceBag,RiceBag quality item,Electronics,Food,Aashirvaad,40698,11218,219,Active,2025-12-15 08:26:50,2025-03-21 00:34:36
PRDZL7GLRRAJKTK,Headphones,Headphones quality item,Electronics,Audio,Boat,14993,29235,244,Active,2025-07-13 21:00:54,2025-11-24 01:45:05
PRDKP222W185OII,Laptop,Laptop quality item,Fashion,Computers,Dell,29474,33810,56,Active,2024-12-29 12:52:13,2024-07-05 22:49:50
PRDV582ABNGIDXO,Coffee,Coffee quality item,Fashion,Beverages,Nescafe,12491,29546,175,Active,2024-07-29 22:15:17,2024-06-15 23:48:42
PRDSVY1DO2TUO3G,Coffee,Coffee quality item,Electronics,Beverages,Nescafe,34554,11016,198,Active,2025-05-04 07:03:12,2024-01-13 07:02:44
PRDJ702OFVBQINJ,TShirt,TShirt quality item,Electronics,Clothing,Zara,40443,33734,240,Active,2024-05-09 16:49:18,2024-06-18 10:44:38
PRD4GXX2RIRMHAH,Coffee,Coffee quality item,Kitchen,Beverages,Nescafe,10653,14388,39,Active,2025-05-12 00:11:13,2024-12-16 17:48:06
PRDL56OV3JHRKB0,Laptop,Laptop quality item,Electronics,Computers,Dell,18583,33592,196,Active,2024-05-22 01:25:01,2024-11-29 09:28:19
PRDIHHBEGRYWOBY,TShirt,TShirt quality item,Electronics,Clothing,Zara,1860,30703,90,Active,2025-07-20 07:01:07,2024-05-26 20:32:34
PRD8HJ6M6L8IMYX,Headphones,Headphones quality item,Kitchen,Audio,Boat,33439,35312,46,Active,2024-07-25 06:48:06,2024-04-19 09:14:08
PRDGL79FNZIXEPZ,TShirt,TShirt quality item,Fashion,Clothing,Zara,12009,39603,125,Active,2025-04-21 00:54:45,2024-04-08 01:36:54
PRD5T600BXKLUT7,Headphones,Headphones quality item,Electronics,Audio,Boat,41744,14982,184,Active,2024-03-19 20:03:58,2024-10-05 03:21:58
PRDL0RH94W563IR,Shoes,Shoes quality item,Groceries,Footwear,Nike,22785,7712,41,Active,2024-06-16 23:50:01,2024-03-26 00:47:47
PRD6BS9WKAMJ1AR,TShirt,TShirt quality item,Fashion,Clothing,Zara,2886,37042,208,Active,2025-12-02 20:20:49,2024-07-09 22:50:35
PRDYXJQP3CYBXNR,Microwave,Microwave quality item,Fashion,Kitchen,LG,21258,14676,286,Active,2024-01-19 04:57:32,2025-05-23 14:38:08
PRDZNVUF6EOP8IZ,RiceBag,RiceBag quality item,Fashion,Food,Aashirvaad,1638,30940,59,Active,2024-11-17 02:55:27,2025-02-19 06:55:34
PRDKQ72DKPY8SYS,Mixer,Mixer quality item,Electronics,Kitchen,Prestige,43458,7681,42,Active,2025-12-30 08:07:01,2025-02-18 15:01:21
PRDZ21SVXFIN2VS,Microwave,Microwave quality item,Kitchen,Kitchen,LG,34109,27798,42,Active,2025-05-26 22:38:38,2025-05-02 01:11:37
PRDMFWDIGWCASLH,Smartphone,Smartphone quality item,Groceries,Mobiles,Samsung,38312,37004,148,Active,2025-11-12 15:12:27,2024-04-05 22:23:11
PRDX9QV3RCUDYMS,Laptop,Laptop quality item,Fashion,Computers,Dell,3366,35887,298,Active,2024-01-21 05:25:45,2025-05-28 12:14:51
PRDZ12Z8YQFNRKL,Mixer,Mixer quality item,Electronics,Kitchen,Prestige,45139,32844,47,Active,2025-03-03 22:29:25,2024-06-04 01:55:42
PRDJLBQTIZM091R,Smartphone,Smartphone quality item,Kitchen,Mobiles,Samsung,1944,26799,24,Active,2025-04-13 18:38:19,2024-12-04 12:01:14
PRDKJTWUSMOJJFA,TShirt,TShirt quality item,Electronics,Clothing,Zara,43738,24315,296,Active,2025-12-06 00:49:00,2024-03-12 13:53:47
PRD1JU1I4J5ZAJC,Saree,Saree quality item,Groceries,Clothing,FabIndia,29438,9423,269,Active,2024-09-17 00:10:36,2025-11-07 11:16:45
PRDR3AMF2U9IHAL,Coffee,Coffee quality item,Kitchen,Beverages,Nescafe,3445,20929,215,Active,2024-12-28 17:06:58,2025-04-20 13:48:02
PRD7S863Q97LXL7,Laptop,Laptop quality item,Fashion,Computers,Dell,45770,17665,73,Active,2024-09-19 11:58:53,2025-10-23 05:48:53
PRDQ87NKXZYTZAC,Headphones,Headphones quality item,Electronics,Audio,Boat,35732,39642,190,Active,2025-01-13 08:48:15,2025-04-20 11:17:38
PRDMVJ3GQO2UXUS,RiceBag,RiceBag quality item,Groceries,Food,Aashirvaad,18607,27712,114,Active,2024-09-16 13:46:34,2025-01-02 14:50:28
PRDF4MU8GX9GSP4,Laptop,Laptop quality item,Fashion,Computers,Dell,34125,3009,253,Active,2025-09-26 12:06:37,2024-02-01 12:10:07
PRDT57RLAT31BZU,Laptop,Laptop quality item,Fashion,Computers,Dell,28185,10481,156,Active,2025-02-27 01:50:26,2024-12-27 20:16:15
PRDIWBIDPMOTYKB,RiceBag,RiceBag quality item,Kitchen,Food,Aashirvaad,14746,8755,247,Active,2024-06-11 16:33:26,2025-04-05 03:28:27
PRD5ARGQ0GP3Z22,RiceBag,RiceBag quality item,Groceries,Food,Aashirvaad,26496,26625,255,Active,2025-03-19 17:15:28,2024-01-10 23:19:02
PRDK9298D0GS7D9,Mixer,Mixer quality item,Fashion,Kitchen,Prestige,49214,1909,159,Active,2024-10-15 05:31:20,2025-05-11 06:09:06
PRDT9JC4QRH051G,Coffee,Coffee quality item,Fashion,Beverages,Nescafe,16364,14759,276,Active,2024-06-02 04:47:33,2025-08-03 21:49:39
PRDAO0NVYVXNVWK,Smartphone,Smartphone quality item,Fashion,Mobiles,Samsung,8683,3876,209,Active,2024-10-17 11:42:36,2024-03-08 15:04:01
PRDTQG66P88Z8ZX,Saree,Saree quality item,Groceries,Clothing,FabIndia,48766,34449,211,Active,2024-06-25 05:42:47,2025-05-23 15:03:43
PRDI13GOJ9KQ2R0,Saree,Saree quality item,Kitchen,Clothing,FabIndia,33336,18684,44,Active,2025-02-04 18:20:54,2024-04-05 21:36:12
PRDXPESJJUJD9E7,RiceBag,RiceBag quality item,Fashion,Food,Aashirvaad,48743,15335,18,Active,2024-10-26 18:01:11,2024-05-26 04:19:23
PRDIONM1MHEHS3J,Mixer,Mixer quality item,Electronics,Kitchen,Prestige,48520,37567,92,Active,2025-08-28 06:53:05,2024-06-19 09:18:35
PRDXN2O0I93NLIV,TShirt,TShirt quality item,Fashion,Clothing,Zara,35600,36405,74,Active,2025-03-30 09:04:26,2025-04-21 12:15:50
PRD5MUPC9QG4X3C,TShirt,TShirt quality item,Kitchen,Clothing,Zara,9219,13515,231,Active,2025-11-17 00:09:51,2024-10-11 07:43:02
PRD5UMEZUUH3YTL,Laptop,Laptop quality item,Groceries,Computers,Dell,16676,17866,159,Active,2025-01-11 01:33:40,2024-09-01 08:44:20
PRDUHZ9RFXEXG9M,Laptop,Laptop quality item,Fashion,Computers,Dell,19235,24047,113,Active,2025-08-27 04:06:17,2025-06-06 07:49:08
PRDQAZ7S0JT2PE5,Mixer,Mixer quality item,Electronics,Kitchen,Prestige,24912,4446,262,Active,2025-10-02 06:36:27,2025-10-07 20:00:59
PRDTBXJ2EN60CY3,Saree,Saree quality item,Groceries,Clothing,FabIndia,39123,3233,255,Active,2024-08-23 21:28:29,2025-10-13 12:03:34
PRDZ8YRHNAJLW8I,Shoes,Shoes quality item,Kitchen,Footwear,Nike,6887,32759,54,Active,2024-05-04 12:15:24,2025-03-27 11:22:04
PRDXO135N4ZZNKK,RiceBag,RiceBag quality item,Electronics,Food,Aashirvaad,22557,3153,95,Active,2025-03-29 03:39:56,2024-11-14 12:42:23
PRDREQ6PZ0EG3CX,Coffee,Coffee quality item,Electronics,Beverages,Nescafe,40172,21324,111,Active,2025-07-14 20:28:00,2024-12-17 13:17:33
PRDQFQYGENXKJCV,Laptop,Laptop quality item,Fashion,Computers,Dell,9914,27946,51,Active,2024-10-21 02:25:30,2025-06-05 18:29:14
PRD4NKXPTIYJK6D,Mixer,Mixer quality item,Kitchen,Kitchen,Prestige,9454,17557,74,Active,2024-11-16 05:44:51,2025-09-22 23:16:14
PRDJRSUTUZSAAYX,TShirt,TShirt quality item,Electronics,Clothing,Zara,25407,12412,86,Active,2025-04-09 14:07:36,2025-02-02 15:21:40
PRD919YXL0HCCI7,Coffee,Coffee quality item,Fashion,Beverages,Nescafe,36667,22336,264,Active,2024-12-13 23:45:52,2024-09-13 12:53:06
PRD9XLSM3ST0DD7,Microwave,Microwave quality item,Electronics,Kitchen,LG,3797,6230,246,Active,2024-06-19 03:50:30,2024-05-13 15:37:40
PRDNUZ8MBXYBJZS,TShirt,TShirt quality item,Kitchen,Clothing,Zara,24993,21384,289,Active,2024-05-23 18:10:04,2025-09-29 02:40:48
PRDI60CMPS1XYDE,Microwave,Microwave quality item,Kitchen,Kitchen,LG,8444,18517,267,Active,2024-12-20 04:09:53,2024-12-02 08:07:36
PRD0EIARQTGMTU7,Saree,Saree quality item,Kitchen,Clothing,FabIndia,49603,37328,62,Active,2025-03-10 04:28:56,2025-02-14 14:17:29
PRDD6E3Y6UCBT3H,Microwave,Microwave quality item,Groceries,Kitchen,LG,47564,12533,39,Active,2024-12-14 04:14:16,2025-05-06 09:26:56
PRDUF99CSMX5OLD,RiceBag,RiceBag quality item,Kitchen,Food,Aashirvaad,26310,9697,154,Active,2024-11-25 01:15:53,2025-10-02 00:30:32
PRD20KOOOIMGCV2,Laptop,Laptop quality item,Groceries,Computers,Dell,27864,34105,262,Active,2024-01-02 22:11:23,2024-09-24 23:44:16
PRDAO40Y7CAKLVN,Laptop,Laptop quality item,Kitchen,Computers,Dell,1990,4569,73,Active,2024-09-30 20:54:50,2024-07-21 20:49:17
PRDELBKKF1BTNR2,Saree,Saree quality item,Fashion,Clothing,FabIndia,32220,33752,282,Active,2025-05-22 10:52:14,2025-09-08 09:16:21
PRDETFJ1S4A5Y7Z,Shoes,Shoes quality item,Fashion,Footwear,Nike,29610,36116,274,Active,2025-01-01 01:38:07,2024-02-02 21:11:50
PRDJWTY5A4B7G71,Microwave,Microwave quality item,Electronics,Kitchen,LG,20753,3798,262,Active,2024-12-04 20:35:34,2024-06-21 16:55:17
PRD5EQWRRWIN863,TShirt,TShirt quality item,Kitchen,Clothing,Zara,5399,15662,80,Active,2025-03-02 07:11:14,2024-11-15 17:17:01
PRDH7AGEZ7ZKUAK,Saree,Saree quality item,Fashion,Clothing,FabIndia,49704,35063,213,Active,2024-01-03 00:12:48,2024-04-03 05:03:14
PRDDZC99I7I7AWG,Coffee,Coffee quality item,Fashion,Beverages,Nescafe,48636,27272,176,Active,2025-12-13 22:07:50,2024-10-23 02:30:39
PRDX40805YQSAON,Laptop,Laptop quality item,Groceries,Computers,Dell,11354,948,267,Active,2024-01-30 08:52:26,2025-06-23 19:03:23
PRDR8JGEKE5RCAW,Saree,Saree quality item,Groceries,Clothing,FabIndia,24738,26361,107,Active,2024-03-04 02:08:47,2025-07-26 05:06:18
PRDYOTQXVOCVTWU,Laptop,Laptop quality item,Kitchen,Computers,Dell,3223,4979,107,Active,2025-05-02 15:29:56,2025-02-21 11:28:25
PRDCNKLKFUD3MOW,Microwave,Microwave quality item,Fashion,Kitchen,LG,20946,14495,133,Active,2024-06-18 07:24:20,2024-08-12 18:19:18
PRDEDEFK80W53VS,Mixer,Mixer quality item,Groceries,Kitchen,Prestige,48346,24776,252,Active,2025-08-03 07:23:05,2025-09-10 10:11:43
PRDN35X8F14QDV0,Saree,Saree quality item,Fashion,Clothing,FabIndia,43434,29810,203,Active,2025-05-31 00:38:19,2024-09-05 18:10:17
PRD4PHB0BT5MAV8,RiceBag,RiceBag quality item,Kitchen,Food,Aashirvaad,44156,8857,263,Active,2024-07-20 01:34:46,2024-07-19 23:40:30
PRD1ZF7J8BDMU24,Laptop,Laptop quality item,Groceries,Computers,Dell,44163,10467,73,Active,2025-11-08 12:13:07,2024-08-02 06:34:19
PRD84OARZRE8LHZ,Headphones,Headphones quality item,Electronics,Audio,Boat,43033,28445,297,Active,2024-12-31 06:31:28,2025-03-17 16:24:44
PRDZJUAX19ZTYC4,RiceBag,RiceBag quality item,Kitchen,Food,Aashirvaad,16822,25842,197,Active,2025-09-17 11:09:20,2024-01-24 06:03:49
PRD187PC98RE8ZX,RiceBag,RiceBag quality item,Fashion,Food,Aashirvaad,45099,13510,279,Active,2025-02-09 03:35:13,2024-02-06 04:44:49
PRD77BEJYN1UTPN,Mixer,Mixer quality item,Electronics,Kitchen,Prestige,25111,31806,29,Active,2025-12-24 15:33:50,2024-11-09 22:43:36
PRDZ82V5SBUR40U,Smartphone,Smartphone quality item,Fashion,Mobiles,Samsung,32379,11421,207,Active,2025-10-18 23:20:58,2024-08-31 13:59:33
PRDMVC942Q14G1N,Microwave,Microwave quality item,Electronics,Kitchen,LG,4301,34154,55,Active,2024-06-28 09:27:06,2024-01-21 16:09:50
PRDNA07FF5UVKQP,Headphones,Headphones quality item,Groceries,Audio,Boat,16887,27317,62,Active,2024-02-15 17:13:05,2024-01-31 15:02:03
PRDL0ZEE4VOKVQ0,Shoes,Shoes quality item,Groceries,Footwear,Nike,37823,38540,134,Active,2024-04-13 18:19:32,2024-06-08 13:00:35
PRD3QOAGEIUI7WS,Headphones,Headphones quality item,Fashion,Audio,Boat,5871,31605,80,Active,2025-07-08 21:37:32,2024-03-17 00:13:34
PRD0YGSG6NP7JNU,Headphones,Headphones quality item,Electronics,Audio,Boat,21478,26505,34,Active,2024-04-15 11:15:38,2025-04-22 08:05:46
PRD5GOH3ULXLXPH,Smartphone,Smartphone quality item,Groceries,Mobiles,Samsung,25256,34256,138,Active,2025-06-14 17:24:06,2025-10-24 14:42:33
PRD94UVKX3DHG8N,Headphones,Headphones quality item,Fashion,Audio,Boat,21750,7609,88,Active,2025-04-05 02:20:28,2024-05-01 19:26:23
PRDYHHSXEONOXS3,Smartphone,Smartphone quality item,Fashion,Mobiles,Samsung,30250,26020,81,Active,2024-01-12 10:57:19,2024-03-20 17:29:42
PRD7PCBF8O19R7J,Mixer,Mixer quality item,Fashion,Kitchen,Prestige,3262,25817,29,Active,2024-08-04 17:56:33,2024-04-06 22:21:41
PRDJ3OHJHY92REV,Coffee,Coffee quality item,Fashion,Beverages,Nescafe,18978,15033,178,Active,2024-08-30 14:46:25,2024-09-19 04:36:16
PRDZPX4N31Y1IOY,Headphones,Headphones quality item,Fashion,Audio,Boat,9405,23135,106,Active,2025-05-21 14:24:26,2024-03-10 18:02:25
PRD44TQRR1212JD,Saree,Saree quality item,Kitchen,Clothing,FabIndia,6777,26553,9,Active,2025-03-23 17:34:11,2025-11-12 03:51:32
PRD72RA6C06SHXU,Mixer,Mixer quality item,Kitchen,Kitchen,Prestige,45596,6349,111,Active,2024-06-17 12:08:17,2025-02-02 08:31:44
PRDDHIXODVYLD7X,TShirt,TShirt quality item,Electronics,Clothing,Zara,9862,33212,86,Active,2025-09-24 10:05:20,2024-10-10 12:06:30
PRD15VR9Q79RU2C,Laptop,Laptop quality item,Groceries,Computers,Dell,28914,6325,9,Active,2025-12-23 02:42:27,2025-05-18 03:10:17
PRD2CRWCQN4VFXI,Laptop,Laptop quality item,Electronics,Computers,Dell,299,11222,298,Active,2025-01-18 10:50:26,2025-09-28 00:27:40
PRDEXY1OC1URLRD,Headphones,Headphones quality item,Fashion,Audio,Boat,6910,9950,32,Active,2025-08-21 10:03:47,2024-06-15 02:55:10
PRDRO618C671K37,Saree,Saree quality item,Groceries,Clothing,FabIndia,18415,9869,99,Active,2025-09-29 14:27:56,2024-03-16 14:02:21
PRDTQJ5HCIOAQJG,Mixer,Mixer quality item,Electronics,Kitchen,Prestige,49489,31547,84,Active,2025-12-14 01:17:50,2025-09-27 03:46:13
PRDN0CU6IF87APN,Laptop,Laptop quality item,Fashion,Computers,Dell,48970,29674,161,Active,2024-01-12 23:02:59,2024-06-07 22:25:00
PRDHKMWM39O9KVJ,Coffee,Coffee quality item,Groceries,Beverages,Nescafe,32948,23948,133,Active,2025-06-06 15:11:50,2025-06-23 19:17:17
PRD8UHWI0NLN7BP,Coffee,Coffee quality item,Electronics,Beverages,Nescafe,15835,14029,258,Active,2025-04-13 12:12:47,2024-08-18 12:35:24
PRD3QEH2VWZSIJ0,TShirt,TShirt quality item,Groceries,Clothing,Zara,29574,16234,159,Active,2024-10-29 21:00:51,2025-01-26 08:57:07
PRDBUABG3M8SCFA,Headphones,Headphones quality item,Kitchen,Audio,Boat,36944,7210,275,Active,2025-04-19 15:16:37,2024-06-01 10:10:41
PRDHQ3CMMY3REID,Saree,Saree quality item,Kitchen,Clothing,FabIndia,29579,4449,185,Active,2024-02-21 09:46:33,2024-04-22 02:16:38
PRDIP00USSX31Z6,Headphones,Headphones quality item,Groceries,Audio,Boat,44723,31097,142,Active,2024-11-22 00:15:16,2025-07-31 04:18:40
PRDKXH9Y4R1ILQL,Headphones,Headphones quality item,Electronics,Audio,Boat,36336,36300,65,Active,2025-05-23 07:02:56,2024-11-12 06:01:10
PRDM17U6NBVDYKW,Laptop,Laptop quality item,Kitchen,Computers,Dell,47669,26662,113,Active,2024-07-21 03:38:07,2025-11-15 15:57:37
PRDOX33AS0Z1KT2,Saree,Saree quality item,Electronics,Clothing,FabIndia,17327,36852,169,Active,2025-05-19 01:01:44,2024-07-21 14:50:01
PRD4JVSSFPUY379,Shoes,Shoes quality item,Kitchen,Footwear,Nike,10267,15869,217,Active,2024-10-09 00:38:58,2025-04-26 09:55:22
PRDNOJPZ1TU7F1M,Shoes,Shoes quality item,Electronics,Footwear,Nike,44145,39873,23,Active,2024-11-30 21:43:48,2024-03-01 23:47:39
PRDUE4G18W0K9CH,TShirt,TShirt quality item,Groceries,Clothing,Zara,42543,23805,164,Active,2024-03-11 06:57:01,2025-06-02 10:23:23
PRDCIT9HYRLCUFX,Shoes,Shoes quality item,Fashion,Footwear,Nike,15418,24935,177,Active,2024-07-23 02:14:06,2024-12-30 22:12:29
PRDZJ6HLEX86F1K,Shoes,Shoes quality item,Kitchen,Footwear,Nike,20568,5715,164,Active,2024-04-26 20:34:52,2025-06-18 08:54:42
PRDPT0T8EYZKSY9,Mixer,Mixer quality item,Electronics,Kitchen,Prestige,12751,22975,101,Active,2024-09-11 15:14:40,2025-11-29 03:48:09
PRDLMBLH7Z7QDB4,Microwave,Microwave quality item,Fashion,Kitchen,LG,29716,21010,143,Active,2025-03-15 03:24:03,2025-07-08 01:05:00
PRDW688U2IWSE5C,Headphones,Headphones quality item,Electronics,Audio,Boat,7105,25400,57,Active,2024-05-19 14:28:36,2025-11-19 18:45:46
PRD7RRSWAPI4S45,RiceBag,RiceBag quality item,Groceries,Food,Aashirvaad,47636,8130,224,Active,2025-07-20 14:37:24,2024-06-22 17:06:25
PRD9008OIVCI3JJ,Shoes,Shoes quality item,Groceries,Footwear,Nike,9489,15906,41,Active,2025-01-15 14:59:19,2025-12-13 22:45:24
PRD252RLCA621V5,Microwave,Microwave quality item,Groceries,Kitchen,LG,14081,24708,222,Active,2024-05-04 11:26:02,2025-11-23 10:19:50
PRDVNF257622AZS,TShirt,TShirt quality item,Electronics,Clothing,Zara,2602,28363,35,Active,2025-01-25 14:11:43,2025-10-24 06:08:03
PRD4ZNG3NTG0BUB,Smartphone,Smartphone quality item,Fashion,Mobiles,Samsung,34256,33125,88,Active,2024-06-06 11:52:33,2025-09-09 18:30:34
PRD8IVC5BWHGTGO,TShirt,TShirt quality item,Kitchen,Clothing,Zara,34484,17344,110,Active,2024-12-18 04:47:47,2025-05-24 14:20:55
PRD4JUY9E1HAF7V,Microwave,Microwave quality item,Fashion,Kitchen,LG,158,20910,295,Active,2024-12-27 08:28:58,2024-06-08 04:12:24
PRDLJJPT8STSSMU,RiceBag,RiceBag quality item,Electronics,Food,Aashirvaad,41433,29795,226,Active,2024-04-03 23:13:47,2024-09-22 07:10:20
PRDKA3IRX8R1U4S,Mixer,Mixer quality item,Electronics,Kitchen,Prestige,38818,31573,136,Active,2025-01-08 09:22:49,2025-01-14 06:17:17
PRDWWUNT696ZU6D,Shoes,Shoes quality item,Groceries,Footwear,Nike,5194,16221,190,Active,2025-02-06 19:35:36,2025-01-15 05:03:10
PRDATT28S7JW7SO,Mixer,Mixer quality item,Kitchen,Kitchen,Prestige,24961,34490,82,Active,2024-09-27 03:28:30,2024-10-05 23:25:02
PRD6IJYB7YYRDHF,Shoes,Shoes quality item,Kitchen,Footwear,Nike,4268,32701,62,Active,2025-04-17 20:59:56,2025-11-19 06:00:52
PRDKN29FZSRBZEF,Laptop,Laptop quality item,Groceries,Computers,Dell,48699,1511,11,Active,2024-01-19 07:42:40,2025-03-16 01:28:20
PRDOZ5CKMW7VOMR,Microwave,Microwave quality item,Groceries,Kitchen,LG,47739,4299,278,Active,2024-03-08 04:32:18,2024-08-06 18:13:58
PRDK3U67XYPXQ4B,Mixer,Mixer quality item,Fashion,Kitchen,Prestige,10763,22162,63,Active,2025-06-09 11:20:02,2024-04-28 00:57:07
PRDOV4QL6ZEA6GK,RiceBag,RiceBag quality item,Kitchen,Food,Aashirvaad,10106,3483,75,Active,2025-05-11 03:48:04,2025-04-08 00:08:25
PRDRP05LCLB5O3A,Saree,Saree quality item,Electronics,Clothing,FabIndia,46215,18960,21,Active,2024-11-30 11:57:56,2025-09-09 15:33:03
PRD49TDAFDTDE3B,Coffee,Coffee quality item,Kitchen,Beverages,Nescafe,38581,16494,58,Active,2024-05-06 22:17:12,2025-10-06 10:20:20
PRDHFQYUY65Q8VL,Microwave,Microwave quality item,Kitchen,Kitchen,LG,13238,21854,237,Active,2025-06-29 18:25:11,2025-03-27 18:44:43
PRD11AD18CSJH2C,Mixer,Mixer quality item,Electronics,Kitchen,Prestige,35501,11870,196,Active,2025-02-07 09:41:32,2024-08-23 09:26:51
PRDJ05EIZ649LG2,Smartphone,Smartphone quality item,Electronics,Mobiles,Samsung,38177,9033,240,Active,2024-11-13 13:33:36,2025-02-21 22:10:14
PRDB2SB7CKY8ZMF,Coffee,Coffee quality item,Electronics,Beverages,Nescafe,45449,26465,265,Active,2025-11-17 22:31:34,2025-02-12 04:49:22
PRDMW08WXGLDYFH,Saree,Saree quality item,Kitchen,Clothing,FabIndia,36307,31181,12,Active,2025-02-03 20:59:12,2025-09-13 12:17:08
PRD5IP7FMJ1H87P,Mixer,Mixer quality item,Fashion,Kitchen,Prestige,29585,32639,44,Active,2025-12-03 03:00:39,2025-04-24 14:50:01
PRDU9IB5X0BKYE1,Smartphone,Smartphone quality item,Fashion,Mobiles,Samsung,16968,18872,161,Active,2025-08-10 13:25:38,2024-08-27 07:14:18
PRDJQMCWTNEQOG9,Coffee,Coffee quality item,Fashion,Beverages,Nescafe,30865,1317,219,Active,2025-08-24 07:38:13,2024-03-12 08:45:53
PRDH119L56YJDA3,Mixer,Mixer quality item,Fashion,Kitchen,Prestige,17182,6536,68,Active,2024-08-27 20:42:08,2024-04-05 13:42:11
PRD45389TH3OIWI,Microwave,Microwave quality item,Kitchen,Kitchen,LG,16170,23401,134,Active,2024-07-16 18:08:39,2025-10-17 21:04:10
PRDQOLGKPW3CXLM,Shoes,Shoes quality item,Kitchen,Footwear,Nike,46195,954,147,Active,2025-11-22 02:40:33,2024-07-01 09:48:44
PRD19QQ1D7SYXS3,Coffee,Coffee quality item,Electronics,Beverages,Nescafe,17191,4743,244,Active,2024-03-27 01:53:18,2025-03-11 12:03:18
PRDMVRPONTJXVHS,Smartphone,Smartphone quality item,Groceries,Mobiles,Samsung,36056,22085,104,Active,2025-01-25 12:12:56,2025-09-22 10:53:39
PRDRI1D8TU2IMZS,Microwave,Microwave quality item,Groceries,Kitchen,LG,19666,8906,164,Active,2025-12-06 03:17:30,2024-07-25 03:20:40
PRD2GG6RWA2Y1OW,Saree,Saree quality item,Electronics,Clothing,FabIndia,41511,1907,41,Active,2025-10-25 06:18:46,2024-02-29 15:18:13
PRDTPO7TLCHJ2Q5,Coffee,Coffee quality item,Electronics,Beverages,Nescafe,16768,27058,157,Active,2024-06-21 10:00:19,2024-11-10 05:06:39
PRDOA1UHOINHEVS,Mixer,Mixer quality item,Fashion,Kitchen,Prestige,19797,28188,283,Active,2024-12-25 03:18:39,2025-11-23 12:12:06
PRDHFQ189DHGH8M,Smartphone,Smartphone quality item,Kitchen,Mobiles,Samsung,44333,27538,237,Active,2024-10-14 09:19:57,2024-01-30 11:20:15
PRD50JRZI918SLJ,TShirt,TShirt quality item,Electronics,Clothing,Zara,13132,36762,285,Active,2025-09-19 22:17:44,2024-03-14 02:33:35
PRDCONPP4HFVUNE,Headphones,Headphones quality item,Electronics,Audio,Boat,33331,17779,171,Active,2024-08-10 01:37:27,2025-09-09 02:49:09
PRDPGOGF0T6ANBA,Headphones,Headphones quality item,Kitchen,Audio,Boat,3200,586,254,Active,2025-09-23 11:37:09,2024-12-17 21:20:09
PRDEQ6KMIKETDVK,Coffee,Coffee quality item,Fashion,Beverages,Nescafe,11063,24778,85,Active,2024-08-06 00:31:39,2024-08-28 20:39:35
PRDJXHVXBWBH21X,RiceBag,RiceBag quality item,Fashion,Food,Aashirvaad,4545,26664,145,Active,2025-04-13 06:42:08,2024-11-08 10:50:08
PRD4UKY0HOKKFDB,Saree,Saree quality item,Electronics,Clothing,FabIndia,36167,3352,64,Active,2024-05-20 10:47:22,2025-02-22 01:00:46
PRDUX7XGYDZ3EPR,TShirt,TShirt quality item,Groceries,Clothing,Zara,31546,5056,212,Active,2024-01-11 20:15:25,2024-03-25 07:42:43
PRDSAHO10I6G8KR,Laptop,Laptop quality item,Electronics,Computers,Dell,39277,36500,94,Active,2024-08-25 09:55:51,2024-09-09 06:09:00
PRD04Y95VHPB83D,Smartphone,Smartphone quality item,Fashion,Mobiles,Samsung,47830,23482,276,Active,2024-10-17 19:16:56,2025-06-13 14:10:09
PRDU4IALAULK9XK,RiceBag,RiceBag quality item,Electronics,Food,Aashirvaad,33903,33590,84,Active,2024-09-26 06:52:32,2024-11-21 13:32:40
PRDUDBVIW2SSX4Y,Microwave,Microwave quality item,Electronics,Kitchen,LG,20755,22964,38,Active,2025-03-03 17:06:45,2025-01-28 00:26:11
PRD5PPXFG0I6J98,RiceBag,RiceBag quality item,Kitchen,Food,Aashirvaad,40708,23426,165,Active,2025-09-04 23:48:49,2025-03-25 17:53:03
PRDEWXAW98KVGQ7,Mixer,Mixer quality item,Fashion,Kitchen,Prestige,8538,16085,201,Active,2025-03-19 18:35:33,2025-09-07 00:43:19
PRDJ49IBQQOFETR,Shoes,Shoes quality item,Fashion,Footwear,Nike,1491,9581,78,Active,2024-04-12 07:04:30,2024-05-30 02:47:14
PRDCTHTG0XV7YEU,TShirt,TShirt quality item,Groceries,Clothing,Zara,16872,12591,92,Active,2025-09-28 10:43:42,2025-04-04 15:21:27
PRDKXKLA90SNZUA,Saree,Saree quality item,Groceries,Clothing,FabIndia,6417,22124,144,Active,2024-06-29 22:06:59,2024-03-12 15:50:46
PRD3N8N2XI2SPQH,Mixer,Mixer quality item,Fashion,Kitchen,Prestige,37618,29196,59,Active,2024-09-13 20:36:52,2024-01-10 21:10:55
PRDGCTV644OXAE8,RiceBag,RiceBag quality item,Groceries,Food,Aashirvaad,2975,11176,225,Active,2024-12-25 21:55:32,2025-10-31 00:24:52
PRD71JC8RRN7UEG,TShirt,TShirt quality item,Groceries,Clothing,Zara,32755,36638,215,Active,2025-05-01 00:46:51,2025-08-18 22:01:24
PRD5WB2LHE3C0A2,Saree,Saree quality item,Electronics,Clothing,FabIndia,41888,27968,203,Active,2024-03-13 05:02:49,2024-07-30 02:12:03
PRDEF5HQDYVHYG0,Smartphone,Smartphone quality item,Kitchen,Mobiles,Samsung,19931,38720,154,Active,2024-05-14 11:28:52,2025-01-14 21:35:26
PRDN64IEWN5VBXJ,TShirt,TShirt quality item,Electronics,Clothing,Zara,32275,23116,258,Active,2025-11-22 05:03:56,2024-12-07 22:24:22
PRDNN0IV2SM4KZJ,Coffee,Coffee quality item,Fashion,Beverages,Nescafe,46263,32206,126,Active,2025-03-26 04:45:28,2025-09-10 10:19:42
PRD6PQFP01IFKDC,RiceBag,RiceBag quality item,Electronics,Food,Aashirvaad,38936,6994,52,Active,2024-01-03 18:23:04,2024-05-09 08:45:44
PRDYIJXPTABG9JJ,Microwave,Microwave quality item,Fashion,Kitchen,LG,21377,17815,183,Active,2024-12-14 09:20:33,2024-10-15 05:25:58
PRDLDYB6ES092OL,Laptop,Laptop quality item,Groceries,Computers,Dell,20742,12938,79,Active,2024-02-06 10:22:14,2025-07-19 13:58:16
PRD5ZS28158TIO6,Smartphone,Smartphone quality item,Electronics,Mobiles,Samsung,8227,641,85,Active,2025-01-18 15:08:18,2025-01-08 13:20:40
PRDXE90W5LEKBIV,Headphones,Headphones quality item,Electronics,Audio,Boat,23720,7565,152,Active,2024-06-01 08:35:18,2024-04-14 22:12:51
PRD6FI5S8UMN2QN,RiceBag,RiceBag quality item,Groceries,Food,Aashirvaad,21397,26541,69,Active,2025-08-27 11:03:12,2025-08-15 10:07:28
PRD5UEWQHNBDAW7,Smartphone,Smartphone quality item,Fashion,Mobiles,Samsung,12845,2762,192,Active,2024-08-21 16:30:07,2024-04-18 20:57:28
PRDSFQFW4FWGPBC,Shoes,Shoes quality item,Groceries,Footwear,Nike,34348,21199,28,Active,2024-09-01 02:53:20,2025-03-21 17:20:28
PRDFKK7RY1IRSX7,Microwave,Microwave quality item,Groceries,Kitchen,LG,925,27594,16,Active,2024-07-11 02:34:56,2024-01-24 17:42:43
PRDMHPG0GCTYMLP,RiceBag,RiceBag quality item,Groceries,Food,Aashirvaad,22559,37953,30,Active,2024-12-21 07:42:54,2024-06-15 21:47:38
PRDI1BITZA72HBF,Saree,Saree quality item,Electronics,Clothing,FabIndia,31821,12620,93,Active,2024-08-25 00:44:55,2024-03-28 02:17:28
PRDCK5BD55Q7JO0,TShirt,TShirt quality item,Groceries,Clothing,Zara,27990,8923,36,Active,2025-01-07 23:15:29,2025-06-03 17:46:06
PRDN0AVUO99MEAZ,Coffee,Coffee quality item,Groceries,Beverages,Nescafe,27401,9085,144,Active,2024-12-12 23:56:38,2025-05-07 02:54:55
PRD46FQM4JVBGJM,Saree,Saree quality item,Kitchen,Clothing,FabIndia,28732,34601,48,Active,2025-09-17 17:00:52,2025-12-17 01:08:33
PRD1XPG8CAD4UB7,Shoes,Shoes quality item,Fashion,Footwear,Nike,41148,15720,67,Active,2024-08-12 09:44:35,2025-06-20 02:17:39
PRDUEWF59W21B9H,Headphones,Headphones quality item,Electronics,Audio,Boat,40049,10060,36,Active,2024-11-15 15:28:56,2025-09-07 18:35:13
PRDT18J0PQNZRD9,TShirt,TShirt quality item,Fashion,Clothing,Zara,43772,6843,196,Active,2025-02-13 03:55:16,2024-08-04 07:14:39
PRDLH2M74ZM6KAQ,Smartphone,Smartphone quality item,Groceries,Mobiles,Samsung,40984,37837,160,Active,2025-12-12 04:36:43,2025-09-12 18:05:47
PRDCAM8AZLHV7JN,Shoes,Shoes quality item,Kitchen,Footwear,Nike,29839,4081,144,Active,2024-10-01 01:22:50,2025-11-05 22:01:03
PRD42OHJKVQT2IB,TShirt,TShirt quality item,Electronics,Clothing,Zara,39249,216,228,Active,2025-08-13 23:45:18,2025-05-28 07:15:44
PRDKTDOG85G56FW,Headphones,Headphones quality item,Electronics,Audio,Boat,47243,23261,234,Active,2025-11-04 18:26:33,2025-03-06 06:32:52
PRDCZGWE1HUKDNG,Mixer,Mixer quality item,Electronics,Kitchen,Prestige,5589,20830,84,Active,2024-11-27 11:45:53,2025-10-02 22:23:46
PRD8613TRDCO3S5,Laptop,Laptop quality item,Fashion,Computers,Dell,32376,34775,24,Active,2024-01-18 08:41:02,2025-11-02 00:17:19
PRDO2T2TDS0ZEWQ,Laptop,Laptop quality item,Groceries,Computers,Dell,45714,16213,155,Active,2024-10-16 02:29:01,2024-09-13 00:46:39
PRDKUSCMRVF0U5R,TShirt,TShirt quality item,Groceries,Clothing,Zara,48305,4520,55,Active,2025-09-19 02:10:02,2025-02-06 14:02:54
PRDHUEYL6SUSEBL,Shoes,Shoes quality item,Groceries,Footwear,Nike,14194,28439,33,Active,2025-07-14 00:29:59,2025-11-20 22:24:49
PRD8T3HUIOCOIGH,Saree,Saree quality item,Kitchen,Clothing,FabIndia,12000,37867,237,Active,2025-01-29 02:51:06,2024-08-08 07:49:14
PRD9Z90T3IU5RYY,Shoes,Shoes quality item,Electronics,Footwear,Nike,37115,34737,33,Active,2025-05-22 15:56:23,2025-10-07 18:24:58
PRDQYVA1HHEU6ED,Saree,Saree quality item,Kitchen,Clothing,FabIndia,27315,33790,245,Active,2024-02-07 04:48:03,2025-08-25 00:59:04
PRD8B9ZY1E5FTE3,Headphones,Headphones quality item,Electronics,Audio,Boat,4527,11875,271,Active,2025-03-01 08:38:48,2025-12-11 09:17:36
PRD4FLCGIU4HKM3,RiceBag,RiceBag quality item,Fashion,Food,Aashirvaad,29527,309,251,Active,2025-10-03 11:02:58,2025-01-08 15:17:33
PRDDAOZFXQ1V5O2,Headphones,Headphones quality item,Groceries,Audio,Boat,17455,37230,274,Active,2024-07-15 04:59:45,2024-02-08 10:53:44
PRDE7NMBG7U7KQD,Shoes,Shoes quality item,Fashion,Footwear,Nike,9756,9705,206,Active,2024-08-13 20:24:38,2024-06-01 08:10:38
PRDRKN6G3QWWDVP,Laptop,Laptop quality item,Fashion,Computers,Dell,45857,9873,148,Active,2024-01-27 15:46:29,2024-12-25 04:45:24
PRDCGBCAHI90KUV,Saree,Saree quality item,Kitchen,Clothing,FabIndia,36746,30583,76,Active,2025-01-24 20:22:17,2025-04-01 03:02:36
PRD49SC6OB9CLD1,Smartphone,Smartphone quality item,Groceries,Mobiles,Samsung,27592,10904,153,Active,2025-11-14 04:41:59,2024-04-02 09:35:54
PRDTHLJM7WQV5WA,Shoes,Shoes quality item,Groceries,Footwear,Nike,17168,39941,190,Active,2025-12-04 06:21:34,2024-05-18 15:04:56
PRDKBIRHLRMVDIQ,Saree,Saree quality item,Groceries,Clothing,FabIndia,18925,29118,256,Active,2025-08-05 05:49:45,2024-09-04 04:28:35
PRDUJPUSMZ74ZVG,Smartphone,Smartphone quality item,Fashion,Mobiles,Samsung,17275,13728,183,Active,2025-11-28 23:48:30,2025-02-23 04:03:15
PRD4BB2R6NDU12M,Microwave,Microwave quality item,Fashion,Kitchen,LG,36879,13253,224,Active,2024-04-23 19:17:40,2024-06-10 17:27:15
PRDOXZ8B1YKRPC4,Coffee,Coffee quality item,Kitchen,Beverages,Nescafe,49449,33010,86,Active,2024-09-03 21:27:59,2024-11-27 07:27:04
PRDM6Z2H01AKSI7,TShirt,TShirt quality item,Groceries,Clothing,Zara,23299,15579,227,Active,2025-11-18 17:20:29,2024-07-20 05:21:58
PRDDY4LLK7N1OCF,Shoes,Shoes quality item,Groceries,Footwear,Nike,40582,13694,33,Active,2024-06-17 00:35:02,2024-01-06 13:11:37
PRD3C2EAF0Z5S8H,Smartphone,Smartphone quality item,Fashion,Mobiles,Samsung,36318,33262,136,Active,2024-07-03 02:54:42,2024-06-23 01:17:53
PRD4TQ0TIJ69WU5,Microwave,Microwave quality item,Fashion,Kitchen,LG,37586,30194,273,Active,2025-01-02 13:03:48,2024-05-16 22:29:28
PRD15WF5X2W08WI,TShirt,TShirt quality item,Groceries,Clothing,Zara,1916,35104,234,Active,2024-04-02 06:30:08,2024-10-04 11:57:53
PRDWTCE1Y3UQ5H7,Mixer,Mixer quality item,Electronics,Kitchen,Prestige,33969,22789,21,Active,2025-05-01 16:03:42,2025-10-06 19:18:03
PRD0PGFPQAQD6X5,Headphones,Headphones quality item,Fashion,Audio,Boat,22311,5885,122,Active,2025-09-25 22:13:23,2025-01-09 16:35:18
PRD57CN6263Q23G,Coffee,Coffee quality item,Kitchen,Beverages,Nescafe,41836,30871,286,Active,2025-01-08 23:45:56,2025-09-17 08:49:42
PRDLT30WQVY4SU2,Coffee,Coffee quality item,Electronics,Beverages,Nescafe,30016,21785,162,Active,2024-09-25 13:43:34,2024-07-07 22:07:01
PRDW7VA76OV1W6Z,Saree,Saree quality item,Fashion,Clothing,FabIndia,21874,8215,228,Active,2025-01-03 03:53:49,2024-11-03 19:39:53
PRD48O5KFBI8B8H,Laptop,Laptop quality item,Fashion,Computers,Dell,24187,29829,261,Active,2024-01-11 01:16:12,2025-02-05 08:50:25
PRDV5FT4Q0IB7SO,Shoes,Shoes quality item,Fashion,Footwear,Nike,4351,5567,204,Active,2024-04-02 16:03:57,2024-04-13 00:36:55
PRDADLTHMJ0SW45,Coffee,Coffee quality item,Fashion,Beverages,Nescafe,39672,36177,44,Active,2024-10-25 06:57:16,2025-10-08 21:47:58
PRDSQ1H4BG0MIQB,RiceBag,RiceBag quality item,Fashion,Food,Aashirvaad,8180,36949,189,Active,2024-04-21 05:57:32,2024-07-06 03:05:55
PRDJM1BZA2036AV,Shoes,Shoes quality item,Kitchen,Footwear,Nike,41999,2666,242,Active,2025-04-05 19:22:13,2025-03-27 10:47:04
PRDZ0VGJZ7IXBFQ,Saree,Saree quality item,Electronics,Clothing,FabIndia,32414,14661,277,Active,2024-03-09 09:52:17,2024-01-28 23:51:29
PRD0AG6ZBS05UA0,Coffee,Coffee quality item,Fashion,Beverages,Nescafe,1168,4454,252,Active,2025-08-22 20:13:09,2024-06-24 16:12:28
PRDJE7LQ4JX1DSO,Smartphone,Smartphone quality item,Groceries,Mobiles,Samsung,48713,10739,279,Active,2025-07-11 01:06:17,2025-11-20 13:09:06
PRDAPQ7OCJCZPS7,Smartphone,Smartphone quality item,Fashion,Mobiles,Samsung,9445,19855,210,Active,2024-08-19 17:46:55,2025-06-18 07:04:40
PRDU4XHZ2UG3EA8,TShirt,TShirt quality item,Kitchen,Clothing,Zara,9394,39360,150,Active,2025-01-22 18:32:15,2025-10-26 08:26:40
PRDQMI70AAM3NBF,Mixer,Mixer quality item,Fashion,Kitchen,Prestige,26920,1650,105,Active,2025-10-26 07:39:19,2025-08-17 15:10:13
PRDE6TC6Z5HN1V5,Coffee,Coffee quality item,Electronics,Beverages,Nescafe,9892,14075,106,Active,2025-12-20 11:30:49,2024-10-18 17:17:41
PRDLLT3X05DEWGG,Coffee,Coffee quality item,Electronics,Beverages,Nescafe,16644,6017,285,Active,2025-01-01 05:50:20,2025-09-19 09:42:11
PRD4CN13D9CIXBE,Shoes,Shoes quality item,Groceries,Footwear,Nike,38638,23507,138,Active,2024-05-22 22:24:43,2024-04-15 19:52:01
PRDC7M8NUCJEN6W,Mixer,Mixer quality item,Groceries,Kitchen,Prestige,22970,3422,11,Active,2024-12-31 23:22:24,2025-08-03 16:03:49
PRDCXA4Q90XHM15,Microwave,Microwave quality item,Electronics,Kitchen,LG,27669,13753,74,Active,2024-11-27 22:17:28,2024-03-21 03:14:57
PRD6GGJW9Q8MP2R,TShirt,TShirt quality item,Fashion,Clothing,Zara,11293,38369,46,Active,2024-06-05 05:50:23,2025-04-04 14:49:53
PRDWKLBF6Y4QNB9,TShirt,TShirt quality item,Kitchen,Clothing,Zara,46749,11963,254,Active,2024-08-19 08:45:45,2024-02-07 16:21:57
PRDFFI90KUL90LJ,Mixer,Mixer quality item,Kitchen,Kitchen,Prestige,16949,28501,65,Active,2024-07-09 05:55:59,2024-10-11 16:05:11
PRD7KGUPNFIH3VC,TShirt,TShirt quality item,Groceries,Clothing,Zara,25080,27059,94,Active,2025-07-14 07:25:13,2024-02-06 08:57:55
PRDDGDPSI9KUEJI,Smartphone,Smartphone quality item,Groceries,Mobiles,Samsung,3155,14088,196,Active,2025-03-08 04:02:04,2025-12-08 13:56:19
PRD3YPVXEH8A61T,TShirt,TShirt quality item,Kitchen,Clothing,Zara,37220,1061,155,Active,2025-05-31 03:26:57,2025-04-06 18:57:08
PRD9L7JZNUSCKLQ,Coffee,Coffee quality item,Groceries,Beverages,Nescafe,40030,39529,287,Active,2025-01-09 02:24:33,2025-09-25 16:58:34
PRD0RV4LQ6KE2XZ,Shoes,Shoes quality item,Fashion,Footwear,Nike,14786,28272,163,Active,2024-12-20 19:54:46,2025-09-30 05:16:40
PRD0FPTXHMIK7DJ,Laptop,Laptop quality item,Kitchen,Computers,Dell,12747,32784,137,Active,2024-09-10 23:19:07,2025-04-13 01:33:04
PRDQCRAW2VG6EAL,Saree,Saree quality item,Electronics,Clothing,FabIndia,48237,17577,76,Active,2025-01-29 13:25:14,2025-02-05 03:05:20
PRDBZG5P5PTIS00,Smartphone,Smartphone quality item,Fashion,Mobiles,Samsung,45279,5789,90,Active,2024-01-20 12:53:42,2025-01-29 07:01:26
PRDVGLPBQ7EY2FQ,TShirt,TShirt quality item,Electronics,Clothing,Zara,10245,10419,141,Active,2024-08-22 06:00:51,2025-12-08 14:37:50
PRD4SK07E2JTD5T,Microwave,Microwave quality item,Kitchen,Kitchen,LG,35908,37772,36,Active,2025-04-06 00:14:42,2025-03-06 12:43:27
PRD10WCSDULCA0K,Mixer,Mixer quality item,Kitchen,Kitchen,Prestige,27824,21963,70,Active,2024-01-19 19:56:54,2024-06-09 19:30:36
PRDPQUOLBGUXOJR,Mixer,Mixer quality item,Fashion,Kitchen,Prestige,44579,27340,68,Active,2024-05-30 15:46:01,2024-04-01 03:20:39
PRDIH1YY6ZN99QB,Shoes,Shoes quality item,Fashion,Footwear,Nike,27345,24122,93,Active,2025-04-08 08:45:06,2024-05-29 11:28:09
PRD0YW9TICV434O,Microwave,Microwave quality item,Electronics,Kitchen,LG,9292,18055,218,Active,2025-07-22 18:45:32,2025-01-18 13:41:56
PRD110D7KKFQW93,TShirt,TShirt quality item,Fashion,Clothing,Zara,8481,15277,190,Active,2024-04-10 03:55:35,2025-06-06 08:36:10
PRDMDO37IH9LEVS,Saree,Saree quality item,Electronics,Clothing,FabIndia,46180,5703,275,Active,2024-07-21 01:28:03,2024-12-31 05:39:37
PRDAIOSB4O4H28V,Headphones,Headphones quality item,Fashion,Audio,Boat,100,15084,279,Active,2024-02-13 11:51:00,2024-04-27 19:50:48
PRDP5EEFLG08VLD,Coffee,Coffee quality item,Electronics,Beverages,Nescafe,8666,33447,295,Active,2024-07-24 10:52:48,2024-07-17 02:48:48
PRDHUC63BEKJ1XM,Mixer,Mixer quality item,Groceries,Kitchen,Prestige,48092,23840,69,Active,2024-01-24 20:20:23,2025-02-03 22:57:54
PRD87VWYPD6XDYS,Smartphone,Smartphone quality item,Fashion,Mobiles,Samsung,4449,21877,247,Active,2024-05-04 02:45:11,2025-05-15 05:43:15
PRDLF3XC03ZQJDB,Saree,Saree quality item,Fashion,Clothing,FabIndia,34111,725,295,Active,2025-08-13 13:21:45,2024-11-30 06:34:13
PRD3RX2INS7S6S9,Shoes,Shoes quality item,Electronics,Footwear,Nike,39067,21264,43,Active,2024-03-18 08:46:04,2024-11-16 08:58:05
PRDONV0EG6J1D00,Saree,Saree quality item,Electronics,Clothing,FabIndia,31194,20150,223,Active,2024-11-21 22:16:50,2024-09-02 19:06:36
PRDCHQABKI1S66S,Laptop,Laptop quality item,Groceries,Computers,Dell,33297,8391,83,Active,2025-11-29 22:56:22,2025-01-25 09:22:11
PRDDU3ZTYFZNRD0,Saree,Saree quality item,Kitchen,Clothing,FabIndia,9901,6121,262,Active,2024-04-24 17:11:56,2025-07-29 05:18:31
PRDR98EVPYQI57G,Saree,Saree quality item,Fashion,Clothing,FabIndia,9802,33490,199,Active,2025-02-16 09:54:22,2025-11-16 03:02:00
PRDQHIAU5S8AB5P,RiceBag,RiceBag quality item,Fashion,Food,Aashirvaad,693,7747,204,Active,2024-04-13 07:13:46,2025-01-15 20:16:37
PRDQ75LVAAQ4W1S,Microwave,Microwave quality item,Groceries,Kitchen,LG,49471,25482,169,Active,2024-08-02 01:08:50,2024-08-01 18:05:23
PRDV76AFISC0BPA,Microwave,Microwave quality item,Groceries,Kitchen,LG,27557,18621,146,Active,2025-05-11 15:49:10,2025-01-18 07:33:50
PRDWTY5BWI124YN,Headphones,Headphones quality item,Electronics,Audio,Boat,7524,25050,135,Active,2025-05-31 00:29:24,2025-02-09 15:09:37
PRD3IZXYIU1E82W,RiceBag,RiceBag quality item,Kitchen,Food,Aashirvaad,30454,15342,139,Active,2024-08-09 21:41:21,2024-11-20 11:17:13
PRDLCI64MVNV7CI,Laptop,Laptop quality item,Fashion,Computers,Dell,5530,33476,212,Active,2025-10-29 19:51:36,2024-12-31 16:28:41
PRD64BHP19PA9KO,Smartphone,Smartphone quality item,Fashion,Mobiles,Samsung,8246,14636,60,Active,2025-05-01 07:01:08,2024-10-29 15:32:44
PRDANAE5BRIXUUF,RiceBag,RiceBag quality item,Electronics,Food,Aashirvaad,40229,20000,169,Active,2025-03-08 01:30:24,2025-03-03 14:28:43
PRDNMB3ODGQ1Y1I,TShirt,TShirt quality item,Groceries,Clothing,Zara,49898,27754,239,Active,2025-01-16 06:14:33,2025-10-21 05:54:34
PRD7NTD5VN7UY3J,Microwave,Microwave quality item,Fashion,Kitchen,LG,48606,39156,258,Active,2024-08-24 19:57:28,2024-07-31 19:27:53
PRDRQ37KVWWRHV6,TShirt,TShirt quality item,Groceries,Clothing,Zara,45956,26952,233,Active,2024-12-04 15:00:37,2025-06-29 00:21:39
PRD2W9KCJBAOCTA,Smartphone,Smartphone quality item,Electronics,Mobiles,Samsung,38304,1226,283,Active,2024-05-01 18:55:12,2025-06-29 15:35:09
PRDEPGMMHVGY3ZI,Laptop,Laptop quality item,Electronics,Computers,Dell,38445,19434,30,Active,2025-06-04 00:05:37,2024-09-28 12:13:00
PRDXB1NKQG43WPW,Laptop,Laptop quality item,Kitchen,Computers,Dell,49234,39514,267,Active,2024-11-07 21:24:16,2024-12-28 06:40:05
PRD8QKNHXZ2KMHZ,Mixer,Mixer quality item,Fashion,Kitchen,Prestige,42870,8270,114,Active,2025-05-12 11:01:11,2025-06-21 04:37:13
PRDL42YUDTR7M34,Smartphone,Smartphone quality item,Electronics,Mobiles,Samsung,35729,17598,265,Active,2024-03-17 17:51:50,2024-02-18 15:46:41
PRDUD4WL613KV5W,Shoes,Shoes quality item,Electronics,Footwear,Nike,8654,23300,84,Active,2024-10-23 07:27:37,2024-06-16 06:01:10
PRDSCDER4OL54FR,Shoes,Shoes quality item,Fashion,Footwear,Nike,18602,25183,119,Active,2024-03-23 06:17:49,2025-05-20 19:27:52
PRDAYAP8CXVO3LE,RiceBag,RiceBag quality item,Kitchen,Food,Aashirvaad,33003,37998,237,Active,2024-07-17 10:16:35,2025-11-28 04:33:44
PRDQUOF6QXVQEG4,Coffee,Coffee quality item,Fashion,Beverages,Nescafe,13486,31389,202,Active,2025-02-24 05:22:29,2024-11-05 09:39:48
PRD6HDWZAQOMLBI,Saree,Saree quality item,Kitchen,Clothing,FabIndia,15486,9519,254,Active,2024-12-22 10:02:59,2024-05-07 13:58:44
PRDO20E61T8H87G,Coffee,Coffee quality item,Groceries,Beverages,Nescafe,8387,6089,78,Active,2024-09-04 21:35:05,2024-03-18 22:45:01
PRD7THOO4VSCM4U,Headphones,Headphones quality item,Kitchen,Audio,Boat,39217,5955,59,Active,2024-09-13 13:30:36,2024-04-20 18:06:55
PRDLLI16T2C3T9S,Coffee,Coffee quality item,Groceries,Beverages,Nescafe,7787,16665,67,Active,2025-09-05 11:44:12,2024-02-06 17:48:18
PRDTIXB4SAK5C5V,Smartphone,Smartphone quality item,Electronics,Mobiles,Samsung,7053,24858,17,Active,2024-12-05 16:10:26,2024-11-16 01:41:32
PRDP1X3RL8KGK9N,TShirt,TShirt quality item,Kitchen,Clothing,Zara,2343,32560,300,Active,2024-07-14 23:34:50,2024-12-10 10:29:26
PRD1OQ6AHWYOPNV,Coffee,Coffee quality item,Groceries,Beverages,Nescafe,12782,1977,130,Active,2025-01-09 04:57:09,2025-02-09 04:12:55
PRD9LLQPRLKHBEU,Headphones,Headphones quality item,Electronics,Audio,Boat,22044,31534,271,Active,2024-09-16 13:44:10,2025-10-22 15:40:09
PRD4ALE670X75Z7,Saree,Saree quality item,Electronics,Clothing,FabIndia,6211,18241,211,Active,2024-07-24 13:00:33,2024-07-09 06:56:08
PRDJ0P6JZFYZ220,Shoes,Shoes quality item,Electronics,Footwear,Nike,18280,35072,115,Active,2024-05-03 23:08:31,2024-04-24 17:26:25
PRDSAFDW1BRECMT,Coffee,Coffee quality item,Electronics,Beverages,Nescafe,30787,24705,166,Active,2024-02-25 04:07:02,2024-12-10 20:31:20
PRDL77AYZBSJBLE,Microwave,Microwave quality item,Kitchen,Kitchen,LG,48845,3898,80,Active,2025-03-14 01:22:16,2024-05-30 07:45:32
PRD23D5GBQMIQ5T,Microwave,Microwave quality item,Kitchen,Kitchen,LG,5939,35482,272,Active,2025-05-31 09:12:14,2024-02-01 04:27:42
PRD8DHN40YAYMG7,Laptop,Laptop quality item,Groceries,Computers,Dell,45228,8180,216,Active,2024-01-20 07:11:54,2024-07-22 11:59:10
PRDOI0A2QYAN3A9,Saree,Saree quality item,Electronics,Clothing,FabIndia,19122,13398,66,Active,2024-02-14 08:53:00,2025-04-09 01:19:36
PRDCZZ2L5N8RLTU,Saree,Saree quality item,Electronics,Clothing,FabIndia,46027,1927,231,Active,2025-09-01 11:55:40,2025-10-08 08:40:05
PRDOTS95169TB5M,Laptop,Laptop quality item,Electronics,Computers,Dell,10590,5208,60,Active,2025-01-16 04:58:09,2025-11-25 20:45:09
PRDS1C2S9TLAV6S,Headphones,Headphones quality item,Fashion,Audio,Boat,487,20794,140,Active,2024-09-13 06:10:33,2024-08-31 10:30:58
PRDCJ3VX2VTCULG,Shoes,Shoes quality item,Groceries,Footwear,Nike,46242,6071,16,Active,2024-10-20 10:58:16,2025-02-08 13:33:12
PRDZW74HV56FVM5,Laptop,Laptop quality item,Kitchen,Computers,Dell,35605,20601,258,Active,2024-10-07 16:45:41,2024-10-31 14:36:04
PRD1RITGNK39Z14,Mixer,Mixer quality item,Kitchen,Kitchen,Prestige,36154,24340,71,Active,2024-02-01 06:46:51,2025-02-18 14:23:38
PRDZUEGBF2ROIQ0,Coffee,Coffee quality item,Fashion,Beverages,Nescafe,1958,30484,156,Active,2024-04-20 22:26:21,2025-06-15 13:27:41
PRD2PK9IWEZ7PBL,Smartphone,Smartphone quality item,Kitchen,Mobiles,Samsung,22981,18907,12,Active,2024-09-22 12:40:36,2024-03-25 07:24:11
PRD29VERRR1TLDF,Smartphone,Smartphone quality item,Groceries,Mobiles,Samsung,15721,17004,300,Active,2024-09-18 11:49:31,2025-05-29 11:46:42
PRD7FPFLDSKHLXH,Smartphone,Smartphone quality item,Kitchen,Mobiles,Samsung,45069,19492,32,Active,2024-05-22 18:32:51,2024-10-03 06:26:42
PRDBMLOE43TBZ3E,TShirt,TShirt quality item,Electronics,Clothing,Zara,28114,16611,25,Active,2025-12-25 20:46:18,2024-03-09 08:06:26
PRD7SWZDWTZ5J1J,Microwave,Microwave quality item,Groceries,Kitchen,LG,8752,737,25,Active,2025-03-25 11:39:46,2024-02-01 07:57:50
PRDESYTVY5AB407,Mixer,Mixer quality item,Groceries,Kitchen,Prestige,34988,20479,179,Active,2024-01-03 22:30:15,2025-09-09 05:38:55
PRDYTT3LRCQEN8S,RiceBag,RiceBag quality item,Fashion,Food,Aashirvaad,35999,38772,73,Active,2025-12-20 05:12:28,2024-09-13 07:50:43
PRDN8XPUKL619D8,Coffee,Coffee quality item,Kitchen,Beverages,Nescafe,20818,9188,6,Active,2025-08-08 07:49:56,2024-06-24 15:07:40
PRD7MR40YKCTIXM,RiceBag,RiceBag quality item,Kitchen,Food,Aashirvaad,44335,2605,62,Active,2024-07-19 10:47:44,2024-06-24 01:41:08
PRDWJ9Z811FPTXD,Smartphone,Smartphone quality item,Electronics,Mobiles,Samsung,20115,10855,189,Active,2024-05-21 19:41:22,2025-04-04 14:08:21
PRD2XX6WNE2R11W,Mixer,Mixer quality item,Fashion,Kitchen,Prestige,23298,24562,11,Active,2024-12-04 15:54:58,2024-03-27 13:35:45
PRDSYRPV8XHWEC7,Laptop,Laptop quality item,Fashion,Computers,Dell,44189,20452,268,Active,2025-01-27 10:27:17,2025-09-02 13:22:32
PRDCD7D3KKMNVM3,Mixer,Mixer quality item,Kitchen,Kitchen,Prestige,16265,27904,132,Active,2025-03-15 10:02:51,2024-04-08 15:14:49
PRD6RKG6Y3WYFKO,Smartphone,Smartphone quality item,Kitchen,Mobiles,Samsung,35704,37523,207,Active,2025-09-22 09:23:49,2024-12-01 13:39:50
PRD3UE9FJCRAYGV,TShirt,TShirt quality item,Kitchen,Clothing,Zara,11952,33200,102,Active,2025-05-07 04:41:41,2025-05-22 04:22:54
PRD6CBGEEPRTX54,Mixer,Mixer quality item,Groceries,Kitchen,Prestige,45662,14872,230,Active,2025-05-07 09:57:47,2024-05-01 16:18:51
PRD35N3ZJW8X6ZN,RiceBag,RiceBag quality item,Kitchen,Food,Aashirvaad,3422,25145,96,Active,2024-04-01 19:21:49,2024-02-01 17:44:38
PRDO82J03GH2557,TShirt,TShirt quality item,Fashion,Clothing,Zara,31646,29925,106,Active,2024-09-12 18:07:07,2025-08-02 09:44:44
PRDLQCK8TPBF0DK,Coffee,Coffee quality item,Fashion,Beverages,Nescafe,47482,8883,140,Active,2024-11-20 04:25:54,2024-02-26 00:44:41
PRDKK21FAJG0VH2,Microwave,Microwave quality item,Electronics,Kitchen,LG,46920,12048,46,Active,2025-01-24 13:51:32,2025-04-18 10:50:55
PRD4A1LJRX455PQ,Mixer,Mixer quality item,Fashion,Kitchen,Prestige,35916,4110,30,Active,2024-05-11 08:45:33,2024-08-04 07:00:36
PRDTB7DJ2KQ1EGO,RiceBag,RiceBag quality item,Groceries,Food,Aashirvaad,42805,17031,28,Active,2024-08-27 10:06:05,2025-06-23 04:21:27
PRDZUH8448BGHAY,Saree,Saree quality item,Groceries,Clothing,FabIndia,18338,27835,260,Active,2025-10-10 11:12:49,2024-11-03 02:28:49
PRDBBN9L4SIIGH8,Shoes,Shoes quality item,Groceries,Footwear,Nike,17564,15060,157,Active,2024-08-08 12:00:39,2025-01-09 04:30:03
PRD1KCV9SUWAPHO,Microwave,Microwave quality item,Fashion,Kitchen,LG,20954,31903,38,Active,2024-02-10 17:58:45,2024-05-27 17:06:51
PRDO0IV11QNCQEW,Saree,Saree quality item,Fashion,Clothing,FabIndia,20662,26453,119,Active,2025-08-06 19:06:03,2024-05-17 22:06:53
PRD9QMYJCZROXII,Smartphone,Smartphone quality item,Groceries,Mobiles,Samsung,28960,39201,260,Active,2024-06-10 18:11:16,2024-06-12 01:00:14
PRDLSD52TYPIGKD,Mixer,Mixer quality item,Fashion,Kitchen,Prestige,13050,17370,96,Active,2024-04-03 00:38:09,2025-04-12 10:10:48
PRD9CDWAQEFUMCL,Smartphone,Smartphone quality item,Groceries,Mobiles,Samsung,17267,11368,284,Active,2025-10-13 05:37:18,2025-01-26 11:33:47
PRDT0QTTDA9Q4B4,Shoes,Shoes quality item,Electronics,Footwear,Nike,47966,13585,165,Active,2025-06-01 00:16:08,2024-06-10 11:14:00
PRDNZB2Z5TZM6QA,Laptop,Laptop quality item,Electronics,Computers,Dell,37444,3980,29,Active,2025-11-24 00:46:43,2025-02-06 22:37:45
PRDD9N1P3USEVTR,Microwave,Microwave quality item,Fashion,Kitchen,LG,19646,27952,253,Active,2024-12-09 05:57:30,2025-03-10 17:31:00
PRD0KDZ40LSGSFI,Mixer,Mixer quality item,Fashion,Kitchen,Prestige,21383,11221,289,Active,2024-07-13 05:38:45,2025-08-09 05:07:13
PRDYV76LM82J9P0,RiceBag,RiceBag quality item,Groceries,Food,Aashirvaad,46546,5025,188,Active,2024-10-04 12:51:16,2024-03-26 19:59:29
PRDGG751FLGW82I,Microwave,Microwave quality item,Kitchen,Kitchen,LG,47626,30374,20,Active,2024-05-21 19:56:54,2025-09-14 16:14:17
PRDZGV998G2MN7T,Headphones,Headphones quality item,Groceries,Audio,Boat,29342,38443,129,Active,2025-06-20 17:13:08,2025-01-01 09:46:20
PRDEANCUO7IB21W,Saree,Saree quality item,Fashion,Clothing,FabIndia,16510,4425,229,Active,2025-05-18 09:49:22,2024-12-05 07:32:08
PRDQIKTN3IYUYCV,Saree,Saree quality item,Groceries,Clothing,FabIndia,43797,12947,160,Active,2024-01-16 14:46:36,2025-09-26 21:23:54
PRDQ9IGWMZEPX7Q,Headphones,Headphones quality item,Groceries,Audio,Boat,244,11632,82,Active,2025-12-12 07:37:44,2024-08-26 16:39:26
PRDBH3X2WK7KLI9,Saree,Saree quality item,Fashion,Clothing,FabIndia,4805,4863,160,Active,2024-03-28 02:58:02,2025-03-14 05:43:35
PRDNAR8YI3UB3CY,Headphones,Headphones quality item,Electronics,Audio,Boat,40974,33130,167,Active,2025-02-16 07:41:15,2024-09-21 18:30:07
PRDSSH00F7YGEC0,Coffee,Coffee quality item,Groceries,Beverages,Nescafe,33970,32257,66,Active,2024-09-12 18:20:00,2025-04-24 17:25:54
PRDB6S9JPE1JUWF,RiceBag,RiceBag quality item,Fashion,Food,Aashirvaad,48680,23425,20,Active,2024-08-05 22:49:30,2025-05-25 16:35:17
PRDI2XAEXB3EUX7,Smartphone,Smartphone quality item,Groceries,Mobiles,Samsung,1837,27485,284,Active,2025-05-31 19:11:56,2025-11-23 20:23:21
PRD1L9PF0FQH71J,Microwave,Microwave quality item,Electronics,Kitchen,LG,38997,15490,157,Active,2025-10-07 13:14:16,2025-10-13 15:36:24
PRDMDJFU6YU5RHO,Shoes,Shoes quality item,Groceries,Footwear,Nike,30090,31321,219,Active,2024-09-30 10:16:20,2025-01-05 11:15:02
PRDIG1H5NW7NFXB,Microwave,Microwave quality item,Groceries,Kitchen,LG,36452,11583,151,Active,2025-08-15 23:43:05,2025-08-16 19:41:53
PRDY0JY2MJTJMK6,Coffee,Coffee quality item,Fashion,Beverages,Nescafe,48919,14388,276,Active,2025-01-07 13:11:54,2024-11-27 10:38:36
PRDZISYA1IUEXDY,Laptop,Laptop quality item,Kitchen,Computers,Dell,13529,8745,55,Active,2024-05-09 07:05:18,2025-08-14 04:01:05
PRD9AESVM63W5PB,RiceBag,RiceBag quality item,Kitchen,Food,Aashirvaad,28811,16964,224,Active,2024-10-02 00:14:12,2024-02-20 08:30:27
PRDB2AK7R6KQ5P9,Shoes,Shoes quality item,Fashion,Footwear,Nike,1545,10093,201,Active,2024-10-15 15:36:54,2025-01-22 07:41:57
PRD2SK1XRDA2X1Z,TShirt,TShirt quality item,Fashion,Clothing,Zara,49913,26840,215,Active,2024-01-30 19:12:29,2025-06-02 13:44:16
PRDT4F2T6VDKMD7,Microwave,Microwave quality item,Electronics,Kitchen,LG,25846,13862,280,Active,2025-12-07 16:06:24,2025-06-10 14:59:47
PRDQQDB0OQ5FVY0,Smartphone,Smartphone quality item,Fashion,Mobiles,Samsung,18095,31320,162,Active,2024-06-09 07:05:12,2024-11-11 19:15:03
PRD0QHHTGE1RQZX,Saree,Saree quality item,Kitchen,Clothing,FabIndia,8584,5287,37,Active,2025-01-09 13:56:06,2024-03-11 11:51:46
PRD67MUN4EB8MTC,Coffee,Coffee quality item,Fashion,Beverages,Nescafe,8627,17579,193,Active,2025-01-26 18:37:46,2024-01-10 19:11:13
PRD9YB87AIG3OKZ,Microwave,Microwave quality item,Electronics,Kitchen,LG,47699,5724,10,Active,2025-01-27 06:03:47,2025-06-24 03:20:09
PRDR5FAAC5JZTO9,TShirt,TShirt quality item,Electronics,Clothing,Zara,9044,28638,69,Active,2024-05-18 08:36:08,2025-03-27 10:02:27
PRDW8J20NA1CAKR,Coffee,Coffee quality item,Kitchen,Beverages,Nescafe,34019,27186,40,Active,2025-01-15 20:44:13,2025-06-26 22:01:15
PRDIPBM3GXA4Y4I,Laptop,Laptop quality item,Fashion,Computers,Dell,22681,39467,171,Active,2025-04-20 21:57:31,2025-01-24 02:10:33
PRDPJMFVKDV7KMK,Saree,Saree quality item,Electronics,Clothing,FabIndia,11437,15797,277,Active,2025-07-03 17:44:07,2024-07-23 11:47:41
PRD5SLBOT6W5JQX,RiceBag,RiceBag quality item,Groceries,Food,Aashirvaad,40023,11200,165,Active,2024-01-15 11:17:29,2024-06-04 04:47:02
PRDQRP87CMCDO8H,Smartphone,Smartphone quality item,Electronics,Mobiles,Samsung,4356,10585,243,Active,2025-08-15 05:11:15,2024-10-11 03:41:25
PRD2EOHV96WRCOR,TShirt,TShirt quality item,Electronics,Clothing,Zara,17053,21335,278,Active,2024-03-08 16:59:18,2024-11-24 10:19:01
PRD7ZCDBW83M17L,Headphones,Headphones quality item,Electronics,Audio,Boat,23921,28766,218,Active,2024-03-28 18:09:13,2025-08-04 09:08:15
PRDS4KWZ95HO2AZ,Mixer,Mixer quality item,Kitchen,Kitchen,Prestige,23246,6154,133,Active,2025-11-01 20:48:30,2025-10-26 18:58:12
PRDZKA9D1CJWRG0,Headphones,Headphones quality item,Fashion,Audio,Boat,6835,21387,113,Active,2024-08-24 09:30:51,2025-10-06 02:45:05
PRD7O9AF5A3NTM5,Microwave,Microwave quality item,Fashion,Kitchen,LG,23943,6249,12,Active,2025-05-18 18:05:10,2024-03-05 09:14:39
PRDDHHFCZ0S6H2T,Shoes,Shoes quality item,Fashion,Footwear,Nike,48137,3274,252,Active,2025-10-09 07:55:38,2025-05-09 11:25:11
PRDBO3YF6S7IVDN,Saree,Saree quality item,Fashion,Clothing,FabIndia,16835,10072,9,Active,2024-12-23 16:31:35,2024-12-12 13:24:57
PRDEPTD4RBH5B5E,Coffee,Coffee quality item,Fashion,Beverages,Nescafe,14628,18816,243,Active,2024-06-18 17:59:34,2025-06-13 10:49:47
PRDC0LNDK1PGJJ5,Mixer,Mixer quality item,Kitchen,Kitchen,Prestige,3251,22844,67,Active,2025-01-10 18:55:19,2024-05-23 21:41:06
PRD6136FALWZ104,TShirt,TShirt quality item,Kitchen,Clothing,Zara,39850,32321,166,Active,2025-12-24 23:24:51,2024-02-18 09:32:21
PRDDSFZXSG5JTDY,Headphones,Headphones quality item,Fashion,Audio,Boat,4606,16350,39,Active,2024-11-21 18:19:39,2025-09-12 14:34:25
PRD972ZK4WK2XQM,TShirt,TShirt quality item,Groceries,Clothing,Zara,25375,24866,62,Active,2025-02-26 15:31:50,2024-12-08 04:27:52
PRDSAL6GA74B5KP,Laptop,Laptop quality item,Electronics,Computers,Dell,44786,1670,130,Active,2025-02-02 02:35:40,2025-02-15 14:52:02
PRDE0AFRBUGG5IT,Smartphone,Smartphone quality item,Electronics,Mobiles,Samsung,23384,11518,165,Active,2025-08-15 20:25:18,2025-06-23 15:22:24
PRDLVLIHV0NHRQC,RiceBag,RiceBag quality item,Fashion,Food,Aashirvaad,5884,3084,291,Active,2024-01-18 06:04:09,2025-05-31 06:13:43
PRD3YSPPEUL6B6I,Microwave,Microwave quality item,Kitchen,Kitchen,LG,1925,2183,217,Active,2024-11-28 09:40:35,2024-12-28 05:18:28
PRDQA65RHSJ5ZC5,Coffee,Coffee quality item,Groceries,Beverages,Nescafe,41955,7108,224,Active,2025-08-24 23:04:06,2025-12-10 20:17:10
PRDFLO2OYZSSPQK,RiceBag,RiceBag quality item,Kitchen,Food,Aashirvaad,16709,10619,252,Active,2024-07-09 15:10:17,2025-07-11 06:30:00
PRD4IOM0S8NLYO2,Laptop,Laptop quality item,Kitchen,Computers,Dell,8177,31204,245,Active,2025-06-29 11:44:28,2025-09-15 11:10:30
PRDBO6OB4KM8OF8,Mixer,Mixer quality item,Fashion,Kitchen,Prestige,31043,28853,144,Active,2025-08-02 18:16:44,2025-08-26 09:58:52
PRDRMN7Y7ER1UZG,Laptop,Laptop quality item,Kitchen,Computers,Dell,46553,38694,215,Active,2025-06-21 01:42:31,2025-11-29 19:16:04
PRDBOR1ES3403V0,Smartphone,Smartphone quality item,Kitchen,Mobiles,Samsung,570,866,67,Active,2024-10-01 01:38:52,2025-09-06 02:42:54
PRDG3ISQB0J54OQ,Shoes,Shoes quality item,Groceries,Footwear,Nike,11971,32470,147,Active,2024-07-03 22:19:04,2025-07-31 10:58:26
PRD4B1YITHGHOVY,Laptop,Laptop quality item,Groceries,Computers,Dell,20982,23411,215,Active,2024-08-27 22:25:58,2025-04-07 13:23:10
PRDF8DX8WIIHNBI,Saree,Saree quality item,Fashion,Clothing,FabIndia,40410,12648,287,Active,2024-08-23 22:56:43,2024-06-12 21:46:31
PRDI7A8K61VQ2HF,Headphones,Headphones quality item,Electronics,Audio,Boat,38230,33211,250,Active,2024-06-20 08:44:25,2024-07-08 13:49:58
PRD5YX80G9HKUC7,RiceBag,RiceBag quality item,Fashion,Food,Aashirvaad,7305,15530,299,Active,2025-08-29 13:01:22,2024-09-19 14:04:51
PRD1YZK0LRTTLM4,Shoes,Shoes quality item,Electronics,Footwear,Nike,34384,9726,81,Active,2025-03-12 09:45:55,2024-09-06 06:10:58
PRDPXPZEJX18YU1,Headphones,Headphones quality item,Groceries,Audio,Boat,34047,19180,193,Active,2024-07-18 18:56:32,2025-01-20 20:09:05
PRD1DMH1XBX2Z80,RiceBag,RiceBag quality item,Kitchen,Food,Aashirvaad,48946,11322,103,Active,2025-01-19 11:53:44,2025-12-07 17:36:41
PRD5AL1FKMYG2JD,Laptop,Laptop quality item,Groceries,Computers,Dell,11627,36296,143,Active,2024-08-28 16:42:38,2024-06-27 05:15:41
PRDGEYUF6FJLZCM,Shoes,Shoes quality item,Groceries,Footwear,Nike,37113,8940,163,Active,2024-04-04 05:07:49,2024-11-05 11:53:11
